<ImportExportXml xmlns:xsi="http://www.w3.org/2001/XMLSchema-instance">
  <Entities></Entities>
  <Roles></Roles>
  <Workflows></Workflows>
  <FieldSecurityProfiles></FieldSecurityProfiles>
  <Templates />
  <EntityMaps />
  <EntityRelationships />
  <OrganizationSettings />
  <optionsets />
  <WebResources>
    <WebResource>
      <WebResourceId>{60c5e20e-026e-e311-be84-000c29bd3ee0}</WebResourceId>
      <Name>unizap_/QuickAddress/jquery_1.9.1.js</Name>
      <DisplayName>jquery_1.9.1.min.js</DisplayName>
      <WebResourceType>3</WebResourceType>
      <IsCustomizable>1</IsCustomizable>
      <CanBeDeleted>1</CanBeDeleted>
      <IsHidden>0</IsHidden>
      <FileName>/WebResources/unizap_QuickAddressjquery_191js60C5E20E-026E-E311-BE84-000C29BD3EE0</FileName>
    </WebResource>
    <WebResource>
      <WebResourceId>{907d39cd-016e-e311-be84-000c29bd3ee0}</WebResourceId>
      <Name>unizap_/QuickAddress/jquery_ui.css</Name>
      <DisplayName>jquery_ui.css</DisplayName>
      <WebResourceType>2</WebResourceType>
      <IsCustomizable>1</IsCustomizable>
      <CanBeDeleted>1</CanBeDeleted>
      <IsHidden>0</IsHidden>
      <FileName>/WebResources/unizap_QuickAddressjquery_uicss907D39CD-016E-E311-BE84-000C29BD3EE0</FileName>
    </WebResource>
    <WebResource>
      <WebResourceId>{9be7af98-026e-e311-be84-000c29bd3ee0}</WebResourceId>
      <Name>unizap_/QuickAddress/jquery_ui.min.js</Name>
      <DisplayName>jquery_ui.min.js</DisplayName>
      <WebResourceType>3</WebResourceType>
      <IsCustomizable>1</IsCustomizable>
      <CanBeDeleted>1</CanBeDeleted>
      <IsHidden>0</IsHidden>
      <FileName>/WebResources/unizap_QuickAddressjquery_uiminjs9BE7AF98-026E-E311-BE84-000C29BD3EE0</FileName>
    </WebResource>
    <WebResource>
      <WebResourceId>{b75784a9-016e-e311-be84-000c29bd3ee0}</WebResourceId>
      <Name>unizap_/QuickAddress/QuickAddress.html</Name>
      <DisplayName>QuickAddress.html</DisplayName>
      <WebResourceType>1</WebResourceType>
      <IsCustomizable>1</IsCustomizable>
      <CanBeDeleted>1</CanBeDeleted>
      <IsHidden>0</IsHidden>
      <FileName>/WebResources/unizap_QuickAddressQuickAddresshtmlB75784A9-016E-E311-BE84-000C29BD3EE0</FileName>
    </WebResource>
    <WebResource>
      <WebResourceId>{e8a00be2-226e-e311-be84-000c29bd3ee0}</WebResourceId>
      <Name>unizap_/QuickAddress/QuickAddress.js</Name>
      <DisplayName>QuickAddress.js</DisplayName>
      <WebResourceType>3</WebResourceType>
      <IsCustomizable>1</IsCustomizable>
      <CanBeDeleted>1</CanBeDeleted>
      <IsHidden>0</IsHidden>
      <FileName>/WebResources/unizap_QuickAddressQuickAddressjsE8A00BE2-226E-E311-BE84-000C29BD3EE0</FileName>
    </WebResource>
  </WebResources>
  <Languages>
    <Language>1033</Language>
  </Languages>
</ImportExportXml>