<ImportExportXml xmlns:xsi="http://www.w3.org/2001/XMLSchema-instance">
  <Entities></Entities>
  <Roles></Roles>
  <Workflows></Workflows>
  <FieldSecurityProfiles></FieldSecurityProfiles>
  <Templates />
  <EntityMaps />
  <EntityRelationships />
  <OrganizationSettings />
  <optionsets />
  <Reports>
    <ReportSignatureIdMappings>
      <ReportSignatureIdMapping reportid="{0560261e-435f-e311-ade9-d89d67634de0}" signatureid="{00000000-0000-0000-0000-000000000000}" signaturelcid="0" />
      <ReportSignatureIdMapping reportid="{faab5400-435f-e311-ade9-d89d67634de0}" signatureid="{00000000-0000-0000-0000-000000000000}" signaturelcid="0" />
      <ReportSignatureIdMapping reportid="{d567e6e2-7d61-e311-ad91-d89d67640040}" signatureid="{00000000-0000-0000-0000-000000000000}" signaturelcid="0" />
      <ReportSignatureIdMapping reportid="{3b305823-5e5e-e311-aeec-d89d67631e5c}" signatureid="{00000000-0000-0000-0000-000000000000}" signaturelcid="0" />
      <ReportSignatureIdMapping reportid="{0560261e-435f-e311-ade9-d89d67634de0}" signatureid="{00000000-0000-0000-0000-000000000000}" signaturelcid="0" />
      <ReportSignatureIdMapping reportid="{d567e6e2-7d61-e311-ad91-d89d67640040}" signatureid="{00000000-0000-0000-0000-000000000000}" signaturelcid="0" />
    </ReportSignatureIdMappings>
    <Report>
      <name>Project Overview</name>
      <defaultfilter>
        <ReportFilter>
          <ReportEntity paramname="CRM_FilteredOpportunity" donotconvert="1">
            <fetch version="1.0" output-format="xml-platform" mapping="logical" distinct="false">
              <entity name="opportunity">
                <all-attributes />
                <filter type="and">
                  <condition attribute="modifiedon" operator="last-x-days" value="30" />
                </filter>
              </entity>
            </fetch>
          </ReportEntity>
        </ReportFilter>
      </defaultfilter>
      <iscustomreport>0</iscustomreport>
      <filename>Projects.rdl</filename>
      <languagecode>1033</languagecode>
      <reportid>{0560261e-435f-e311-ade9-d89d67634de0}</reportid>
      <reporttypecode>1</reporttypecode>
      <IntroducedVersion>1.0</IntroducedVersion>
      <iscustomizable>1</iscustomizable>
      <ExportedFileName>/Reports/Projectsrdl0560261e-435f-e311-ade9-d89d67634de0</ExportedFileName>
      <ReportCategories />
      <ReportVisibilities>
        <ReportVisbility>1</ReportVisbility>
        <ReportVisbility>3</ReportVisbility>
        <ReportVisbility>2</ReportVisbility>
      </ReportVisibilities>
      <ReportEntities>
        <ReportEntity>opportunity</ReportEntity>
      </ReportEntities>
    </Report>
    <Report>
      <name>Projects SubReport</name>
      <iscustomreport>0</iscustomreport>
      <filename>Projects SubReport.rdl</filename>
      <languagecode>1033</languagecode>
      <reportid>{faab5400-435f-e311-ade9-d89d67634de0}</reportid>
      <reporttypecode>1</reporttypecode>
      <IntroducedVersion>1.0</IntroducedVersion>
      <iscustomizable>1</iscustomizable>
      <ExportedFileName>/Reports/ProjectsSubReportrdlfaab5400-435f-e311-ade9-d89d67634de0</ExportedFileName>
      <ReportCategories />
      <ReportVisibilities>
        <ReportVisbility>1</ReportVisbility>
      </ReportVisibilities>
      <ReportEntities />
    </Report>
    <Report>
      <name>Visit Report</name>
      <defaultfilter>
        <ReportFilter>
          <ReportEntity paramname="CRM_Filteredis_visitreport" donotconvert="1">
            <fetch version="1.0" output-format="xml-platform" mapping="logical" distinct="false">
              <entity name="is_visitreport">
                <all-attributes />
                <filter type="and">
                  <condition attribute="modifiedon" operator="last-x-days" value="30" />
                </filter>
              </entity>
            </fetch>
          </ReportEntity>
        </ReportFilter>
      </defaultfilter>
      <iscustomreport>0</iscustomreport>
      <filename>Visit Report_P.rdl</filename>
      <languagecode>1033</languagecode>
      <reportid>{d567e6e2-7d61-e311-ad91-d89d67640040}</reportid>
      <reporttypecode>1</reporttypecode>
      <IntroducedVersion>1.0</IntroducedVersion>
      <iscustomizable>1</iscustomizable>
      <ExportedFileName>/Reports/VisitReport_Prdld567e6e2-7d61-e311-ad91-d89d67640040</ExportedFileName>
      <ReportCategories />
      <ReportVisibilities>
        <ReportVisbility>1</ReportVisbility>
        <ReportVisbility>2</ReportVisbility>
        <ReportVisbility>3</ReportVisbility>
      </ReportVisibilities>
      <ReportEntities>
        <ReportEntity>is_visitreport</ReportEntity>
      </ReportEntities>
    </Report>
    <Report>
      <name>Visit Sub-Report</name>
      <iscustomreport>0</iscustomreport>
      <filename>Visit Report.rdl</filename>
      <languagecode>-1</languagecode>
      <reportid>{3b305823-5e5e-e311-aeec-d89d67631e5c}</reportid>
      <reporttypecode>1</reporttypecode>
      <IntroducedVersion>1.0</IntroducedVersion>
      <iscustomizable>1</iscustomizable>
      <ExportedFileName>/Reports/VisitReportrdl3b305823-5e5e-e311-aeec-d89d67631e5c</ExportedFileName>
      <ReportCategories />
      <ReportVisibilities>
        <ReportVisbility>1</ReportVisbility>
      </ReportVisibilities>
      <ReportEntities>
        <ReportEntity>is_visitreport</ReportEntity>
      </ReportEntities>
    </Report>
    <ReportLinks>
      <ReportLink reportid="{faab5400-435f-e311-ade9-d89d67634de0}" parentreportid="{0560261e-435f-e311-ade9-d89d67634de0}" />
      <ReportLink reportid="{3b305823-5e5e-e311-aeec-d89d67631e5c}" parentreportid="{d567e6e2-7d61-e311-ad91-d89d67640040}" />
    </ReportLinks>
  </Reports>
  <Languages>
    <Language>1031</Language>
    <Language>1033</Language>
  </Languages>
</ImportExportXml>